Concept ID,Norwegian Term,ICD-10 Code,Released
735581004,ventrikkelseptumdefekt etter inngrep,,True
54013005,lukket fraktur i første metatars,,True
79164005,forgiftning forårsaket av stikk av maur i slekten Pogonomyrmex,,True
786068005,peptisk ulcus med obstruksjon,,True
231454003,organisk pseudopsykopatisk personlighet,,True
836480008,mild aortastenose,,True
16906801000119109,benign tumor i hud på høyre nedre øyelokk,,True
719272007,syndrom med progredierende nevrogent hørselstap og hypertrofisk kardiomyopati,,True
208206004,åpen komplett ruptur av iliosakralledd,,True
1223461000202101,kontakt med helsetjenesten for etterundersøkelse etter kombinasjonsbehandling for annen tilstand,,True
15979991000119105,forandring av venstre kjeveledd,,True
93747000,primær malign tumor i hjernehinner,,True
423234004,inhalasjonsskade,,True
195886008,gruppe B-streptokokkpneumoni,,True
718848000,Frieds syndrom,,True
90224001,koma hos nyfødt,,True
72676005,Pachystigma-art-forgiftning,,True
69600003,gruppe med stemmetremor,,True
1412008,fremre subkapsulær polar katarakt,,True
83150005,kontaktdermatitt forårsaket av jod,,True
95600004,entropion av cervix,,True
699240001,kombinert intrauterint og ovarialt svangerskap,,True
419774004,kirurgisk utløst astigmatisme,,True
295116004,allergi mot kymotrypsin,,True
240869004,hepatitt forårsaket av Capillaria hepatica,,True
294644005,allergi mot difteri- og stivkrampevaksine,,True
86899000,lukket traumatisk luksasjon av tåledd,,True
212472000,skade på muskler og sener i peroneusmuskulatur i leggen,,True
308902007,ulcus på malleolus medialis,,True
1926006,osteopetrose,,True
10682871000119105,oppfylling i subkutant vev på høyre fot,,True
1216401000202102,annen enkeltstående affektiv lidelse,,True
459152004,infeksiøs endokarditt i mitralklaff,,True
2671000124109,overtallig permanent første premolar i høyre overkjeve,,True
212364001,skade på overfladisk vene i skulder og overarm,,True
414062007,tørt øye etter LASIK-operasjon,,True
711616006,cytomegaloviruschorioretinitt,,True
209577003,komplett ruptur av ligamentum coracoclaviculare,,True
94291000119103,mucinøst adenokarsinom i gastrointestinaltraktus,,True
301965000,manglende åpning i nedre tårepunkt,,True
94111002,primær malign tumor i truncus,,True
186537009,infeksjon i perianal hud og rektum forårsaket av herpesvirus,,True
725046003,mangel på acyl-koenzym A-dehydrogenase 9,,True
7678002,pneumoni forårsaket av cytomegalovirus,,True
92481000,benign tumor i vestibulum oris,,True
94956005,tumor med usikkert eller ukjent malignitetspotensial i nesebein,,True
402587003,yrkesrelatert dermatitt,,True
203433000,osteoporose etter ooforektomi,,True
127120007,hepatisk lymfadenopati,,True
770431001,tidlig debuterende epileptisk encefalopati og psykisk utviklingshemming som skyldes GRIN2A-mutasjon,,True
231494001,mani,,True
9228003,pulmonal schistosomiasis,,True
192611004,fobisk angstlidelse i barndom,,True
93249003,medfødt hypoplasi av cerebrum,,True
93413002,thoracoceloschisis,,True
16318061000119108,hypogammaglobulinemi som skyldes monoklonal gammopati av ubestemt signifikans,,True
773737004,nefrocystin 3-relatert Meckel-lignende syndrom,,True
70831000119103,kokleær hydrops,,True
426467005,Hutchinsons fraktur,,True
301873005,lipom i underekstremitet,,True
99021000119109,anamnese på testikkelretensjon,,True
33344008,moderat hemofili A,,True
698077007,kompresjonsfraktur i torakalvirvel,,True
230696001,bakre kretsløpsinfarkt,,True
281456000,bøying av knokkel-fiksasjonsutstyr,,True
718449003,forventet vanskelig tracheal intubasjon,,True
211024005,flere overfladiske hodeskader,,True
308132000,dysplasi i larynx,,True
126594005,tumor i os cuneiforme intermedium i fot,,True
402420001,infeksjon i hud med humant herpesvirus 6,,True
88318005,revmatisk trikuspidalstenose,,True
766759009,vulvovaginalt rhabdomyosarkom,,True
12105661000119103,brannskade på høyre håndflate,,True
421315006,aids-relatert myelitt,,True
302886004,kompresjon av nervus interosseus posterior,,True
236722007,uterusperforasjon forårsaket av uterinsonde,,True
253431009,hypoplasi av felles atrioventrikulærklaff,,True
12237231000119107,smerter ved hvile i høyre underekstremitet sammen med og som skyldes aterosklerose,,True
168501001,unormalt funn ved røntgenundersøkelse,,True
165232002,urininkontinens,,True
237739002,pseudo-Cushings syndrom forårsaket av depresjon,,True
12236521000119105,bursitt i høyre håndledd,,True
208975006,åpen traumatisk subluksasjon av caput fibulae,,True
230808006,obstruksjon av cerebral ventrikkelshunt,,True
294792002,allergi mot mestranol,,True
263048006,subluksasjon av sternoklavikularledd,,True
123910004,forgiftning forårsaket av art i Rubiaceae-familien,,True
16015991000119106,artritt i høyre subtalarledd,,True
129656002,komplikasjon i forbindelse med diagnostisk prosedyre,,True
263271000,ukomplisert kronefraktur,,True
763770005,familiær kortikal myoklonus,,True
233989002,aneurisme i transplantert arterie,,True
39400004,traumatisk leverskade,,True
54122009,Eales' sykdom,,True
294329000,allergi mot dimetikon,,True
51742006,sykdom i hypofyseforlapp,,True
59221000119105,tidligere utført lukking av trakeoøsofageal fistel,,True
874931001,"syndrom med alvorlig akondroplasi, forsinket utvikling og acanthosis nigricans",,True
428405009,anamnese på kjønnskorrigerende kirurgi,,True
1224431000202105,kontakt med helsetjenesten for kontroll av spiral,,True
307754008,lipom i korsrygg,,True
430102007,aneurisme i arterie i familien,,True
335211000119101,eksposisjons-keratokonjunktivitt i høyre øye,,True
284644007,drukner annen person,,True
278609005,frakturert maksillofacial protese,,True
423478005,problem med å håndtere overgangsalder,,True
423858006,skåldingsskade på hud,,True
293979003,allergi mot oksprenolol,,True
3469002,andregradsforbrenning på tommel,,True
58217006,infeksjon forårsaket av Bordetella bronchiseptica,,True
771477003,syndrom med 15q-overvekst,,True
238965007,venerofobi,,True
723998001,"syndrom med kortvoksthet, Pierre Robin-sekvens, delt underkjeve, håndmisdannelser og klumpfot",,True
860789005,forstyrrelse i anastomose i galleveier,,True
1217410004,ervervet C-proteinmangel,,True
788499005,eksem på underekstremitet,,True
735908000,postural hypotensjon etter trening,,True
363500001,malignitet med flere lokalisasjoner,,True
6058003,gjenværende fremmedlegeme i bløtvev,,True
1090431000119106,residiverende vesikulær dermatitt forårsaket av humant herpes simplex-virus,,True
124309005,mangel på sedoheptulokinase,,True
447292006,mitokondriell encefalomyopati,,True
402703004,hudsykdom i tunge,,True
82793005,hypotalamisk fedme,,True
281518003,volar skafolunær dislokasjon med skafoidfraktur,,True
22686009,A-vitaminmangel med follikulær keratose,,True
110247007,kontusjon av os zygomaticus-region i ansikt,,True
87420007,lokaliserte adheranser og/eller strenger i conjunctiva,,True
229812003,subungual liktorn,,True
719310005,Russells tegn,,True
208439004,lukket fraktur i distale falang i tommel,,True
199733009,unormalt hematologisk funn ved prenatal undersøkelse av mor,,True
406581000,gonokokkinfeksjon i sentralnervesystem,,True
897491008,utilstrekkelig inntak av protein og proteinderivat,,True
46516001,ulcurerte interne hemoroider,,True
721577002,primært liposarkom i bløtvev i ekstremitet,,True
208902008,åpen traumatisk anterior luksasjon av hofteledd,,True
1218171000202101,uspesifisert urinsyregikt i kneledd,,True
733117001,"syndrom med stivhet i tommel, brakydaktyli og psykisk utviklingshemming",,True
127239006,tumor i submandibulære lymfeknuter,,True
18960007,lukket fraktur på Th7-Th12-nivå med inkomplett ryggmargslesjon,,True
12367461000119104,bilateral patellofemoral artrose,,True
55617001,peptisk ulcus med blødning OG perforasjon,,True
28987007,glutarsyreuri,,True
1099551000202104,HPV-infeksjon hos mann,,True
298070000,fremmedlegeme i hud på hodebunn,,True
111615001,åpen kraniefraktur med intrakranial blødning,,True
711480000,aktivert PI3K-delta-syndrom,,True
254947008,gliom i ryggmarg,,True
262822009,laserasjon av milt,,True
425887005,bakteriell meningitt forårsaket av gramnegative bakterier,,True
298770009,hevelse i bløtvev i skulderledd,,True
125655007,åpent sår på fingernegl,,True
188933009,benign tumor i processus xiphoideus,,True
253225009,medfødt bakre polstær,,True
102919003,frykt for infeksjon,,True
235006007,periodontal og endodontisk lesjon,,True
461440001,medfødt anomali i systemisk arterie,,True
82545002,transfusjonsreaksjon,,True
10678511000119108,lokalisert hevelse i begge føtter,,True
717756008,komplett duplikasjon av urethra,,True
109525005,medfødt transversell hypoplasi av underkjeve,,True
12463005,infeksiøs gastroenteritt,,True
11307561000119101,lukket fraktur i tak i høyre acetabulum,,True
414014001,sykdom forårsaket av Flaviviridae,,True
29880001,skade på rektum med åpent sår inn til bukhule,,True
7722005,thoracopagus epigastricus,,True
212287007,åpen skade på nervus suprascapularis,,True
830172001,allergi mot metamizol,,True
111782004,forgiftning forårsaket av triklorfon,,True
400206003,hamartom i integument,,True
419452009,allergisk reaksjon på matvare,,True
420614009,aids-relatert organisk demens,,True
294815006,allergi mot gonadorelin,,True
102982003,ulike reflekser,,True
74225001,paralyse forårsaket av flått,,True
2584003,hjernedegenerasjon i barndom,,True
710134003,akutt muskelstivhet i nakke,,True
726222008,laserasjon av muskel i hofte,,True
81651000119109,arvelig malignitet i familien,,True
285236005,sekvele etter skade på overekstremitet,,True
294380004,allergi mot ribavirin,,True
246678002,subkonjunktival ekkymose,,True
47523006,vestlig hesteencefalitt,,True
160398001,sen menopause i familien,,True
247865007,sykehusskrekk,,True
62674007,Bataifeber,,True
733186000,forandring i menisk i kneledd som sekvele etter gammel kneskade,,True
54567007,åpen fraktur i collum chirurgicum humeri,,True
67724008,sekundær smaksforstyrrelse for salt,,True
1228521000202104,opplysning om annet fysisk traume i egen sykehistorie,,True
471291001,unormal avgang av høyre koronararterie fra sinus aortae til høyre for bortvendende sinus aortae og unormal avgang av venstre koronararterie fra sinus aortae til venstre for bortvendende sinus aortae,,True
782670003,autosomal dominant spastisk paraplegi av type 3,,True
254268004,partiell trisomi 13 ved Pataus syndrom,,True
7668000,pseudomasturbasjon,,True
763018002,asymptomatisk infeksjon med vestnilfebervirus,,True
10737321000119104,modent cystisk teratom i venstre ovarium,,True
16418006,emboli i sinus basilaris,,True
30250000,akutt ekstern otitt,,True
428216000,treflis i pharynx,,True
109519006,medfødt transversell hyperplasi av underkjeve,,True
312391003,unormal blodgass,,True
15750121000119108,alvorlig fedme som kompliserer svangerskap,,True
246803005,telekantus,,True
160364005,medfødt hjertesykdom i familien,,True
238832003,elastoderma,,True
735578009,ervervet abnormitet i sinus coronarius,,True
278921006,tale- og fonologiforstyrrelse,,True
724454004,overfladisk endometriose på bekkenperitoneum,,True
1221641000202103,følgetilstand etter annen spesifisert hodeskade,,True
191672000,kverulantparanoia,,True
293855004,allergi mot trazodon,,True
94574005,metastase i hud på tå,,True
313291009,anemi i barseltid,,True
290526003,tilsiktet forgiftning med desfluran,,True
363293009,selvforvoldt forgiftning,,True
283321007,insektbitt på hode og hals,,True
131561000119106,ren metallstent i gren av høyre koronararterie,,True
723112000,frykt for endokrin sykdom,,True
773771008,sjelden isolert myopi,,True
105490003,overanstrengelse,,True
10958001000119102,åpent sår på annen tå enn stortå på venstre fot,,True
102992006,saksegang ved gangtest på rett linje med lukkede øyne,,True
733413007,traumatisk luksasjon av skapulotorakalledd,,True
399190000,ikke-progredierende arvelig glomerulonefritt,,True
268028001,lokalisert osteoporose forårsaket av immobilisering,,True
30371007,åpen skallebasisfraktur med cerebral laserasjon og kontusjon,,True
263137001,ruptur av ligament i håndledd,,True
723927004,psykotisk lidelse forårsaket av alkohol med schizofreniforme symptomer,,True
234035006,Marfans syndrom som påvirker hud,,True
299647001,amputert ovenfor knehøyde,,True
151421000119104,kontroll av intrauterint prevensjonsmiddel utført,,True
332841000119105,pseudopterygium i høyre øye,,True
21095000,sekundær hyperprolaktinemi,,True
60967006,allergisk vaginitt,,True
131056005,11-deoksykortikosteron-nivå under referanseområdet,,True
1344842003,type IIIb-aortadisseksjon,,True
73658009,erythema multiforme av epidermal type,,True
127006003,tumor i mellomøre,,True
709287005,gastrointestinal stromal tumor i duodenum,,True
1287478009,melanocyttnevus i ansikt,,True
266368002,postinflammatorisk lungefibrose,,True
270906004,ruptur av mitralklaffens chordae tendineae,,True
249750006,fravær av hånd,,True
286923006,"forstyrrelse i jern-, kobber- og magnesiummetabolisme",,True
1085861000119107,komplikasjon som skyldes Crohns sykdom i tynntarm,,True
202298000,ankylose i ledd i skulderregion,,True
202079009,perifer løsning av mediale menisk,,True
444460003,eksponering for bakteriell vaginose,,True
123769001,methemoglobinuri,,True
789025008,behøver difterivaksine,,True
299549008,intet bevegelsesutslag ved aktiv eversjon av subtalarledd,,True
294041001,allergi mot reproterol,,True
721768006,infeksjon i sentralnervesystem forårsaket av herpes simplex-virus,,True
45326000,skuldersmerter,,True
704252008,patologisk fraktur i fibula på tumorsted,,True
418915007,marginalt corneainfiltrat assosiert med blefarokonjunktivitt,,True
91291006,artropati assosiert med annen systemisk sykdom,,True
5217008,autoimmunt stivhetssyndrom,,True
335871000119105,medfødt anterior subkapsulær polar katarakt i høyre øye,,True
715575001,distal artrogrypose med alvorlig skoliose,,True
219406004,krigsskade forårsaket av eksplosjon av mortergranat,,True
254782003,multiple progredierende hemangiomer,,True
284573004,fremmedlegeme av metall i nese,,True
24232008,cellulitt med lymfangitt på finger eller tå,,True
237076007,utposning i uterus,,True
240091005,myopati ved hypoparatyreoidisme,,True
166816003,serumlipidnivå over referanseområde,,True
161128009,atferdsproblemer på skolen,,True
70320004,medfødt misdannelse i hjerteklaff,,True
231974003,Elschnigs perler,,True
208468003,åpen basisfraktur i proksimale falang i tommel,,True
112371000119108,anamnese på Whipples operasjon,,True
719376008,kronisk hematogen osteomyelitt,,True
414372001,anamnese på neonatalt abstinenssyndrom,,True
57296000,inkarserasjon av gravid uterus,,True
1236748006,oppfylling av høyre halvdel av abdomen,,True
208850006,åpen traumatisk subluksasjon av mediokarpalledd,,True
240687004,dichuchwa,,True
315226008,smerter i lymfeknuter etter alkoholforbruk,,True
719886001,vaksinasjon mot Haemophilus influenzae type B kontraindisert,,True
76886005,poynevritt,,True
109750005,abfraksjon,,True
213086000,forskyvning av allogent beintransplantat,,True
188988008,lipom i ytre øregang,,True
15632891000119109,bilateral optikusatrofi,,True
274723005,stenoselyd fra arteria femoralis til stede,,True
185113005,tuberkulose i binyrer,,True
238413001,botryomykose,,True
369535006,metastase i venstre ligamentum latum,,True
11776811000119106,knusningsskade på venstre underarm,,True
93461009,kjønnsdysfori,,True
74598008,periapikal abscess med sinus,,True
445899009,lukket fraktur i trochanter,,True
128462008,metastase,,True
103297000,legemiddelutløst vertigo,,True
193206003,persistent neonatal myasthenia gravis,,True
13961000202109,akutt type I-disseksjon i torakalaorta,,True
299289003,manglende bevegelsesutslag ved aktiv innadrotasjon av hofteledd,,True
41168002,tilstand hos foster som er oppstått i perinatalperioden,,True
193628007,anisometropi og aniseikoni,,True
13915009,ikke-giftig insektbitt på nates uten infeksjon,,True
231837003,aldersrelatert atrofi av tårekjertel,,True
1254981008,"substansavhengighet under svangerskap, fødsel og/eller barseltid",,True
111508004,Emery-Dreifuss muskeldystrofi,,True
219411002,krigsskade forårsaket av eksplosjon av fly,,True
302956005,transversal reduksjonsdefekt i hånd,,True
126980002,tumor i perifer nerve,,True
239963009,laksitet i ligament i skulderregion,,True
403930008,familiært multippelt pilomatrixom,,True
11862521000119106,infisert sår på høyre fot som skyldes ikke-giftig insektbitt,,True
719580004,16q24.3 mikrodelesjon,,True
23971000119101,medfødt spondylolistese i lenderygg,,True
10679351000119109,lokalisert hevelse i hode,,True
293612001,allergi mot azapropazon,,True
732291000,bærer av meticillinfølsom Staphylococcus aureus,,True
704177001,lukket fraktur i andre metakarp,,True
126579006,tumor i metakarp,,True
62436006,unormalt jugulært venøst trykk,,True
703135009,anemi ved malign neoplastisk sykdom,,True
735494000,skade på thorax under fødsel,,True
399244003,sykdom i hypofyse,,True
890105003,atresi av jejunum type IIIa,,True
266366003,lungesykdom som skyldes eksterne faktorer,,True
17382005,cervixinsuffisiens,,True
187052004,pulmonal afrikansk histoplasmose,,True
289256000,mor forløst,,True
253398001,dilatasjon av anulus fibrosus til mitralklaff,,True
231439009,toksisk forvirringstilstand,,True
70784009,meningeal irritasjon,,True
217791000119107,hypermatur senil katarakt,,True
26947005,åpent sår på underekstremitet,,True
19133005,nevrofibromatose,,True
14992004,kontusjon av penis,,True
714176002,nekrose i lapp,,True
768646002,aktive tannkaries i tannkrone på mellomstadium,,True
53254000,metabolsk acidose med økt aniongap forårsaket av redusert ekskresjon av uorganiske syrer,,True
59714007,proteinose,,True
90702000,autoimmun reaksjon mediert av immunkompleks,,True
430396006,kronisk systolisk dysfunksjon av venstre ventrikkel,,True
677911000119108,makulahull med full tykkelse i venstre øye,,True
1003358004,distal delesjon av kort arm på kromosom 8,,True
11839531000119108,skade på intrinsisk muskulatur i venstre hånd,,True
783091003,"syndrom med 46,XY-gonadedysgenesi og motorisk og sensorisk nevropati",,True
210614005,traumatisk amputasjon av tommel gjennom metakarpofalangealledd,,True
236603009,knekkdannelse i ureter,,True
733341007,problem med matinntak hos voksen,,True
402397006,autoimmun urticaria,,True
203033005,paralytisk forkalkning/ossifikasjon av muskel,,True
402993003,aktinomycetom som skyldes Actinomadura madurae,,True
95158003,tumor med usikkert eller ukjent malignitetspotensial i øvre luftveier,,True
247999006,erting,,True
191728008,frykt for folkemengder,,True
134401001,systolisk dysfunksjon av venstre ventrikkel,,True
255576009,forteller usannheter,,True
233787006,ervervet subglottisk stenose,,True
1083231000119104,sentral perforasjon i trommehinne i begge ører,,True
770726004,kvinnelig infertilitet som skyldes defekt zona pellucida,,True
15737201000119108,sekundær katarakt som ikke medfører synssvekkelse på høyre øye,,True
309527000,oppfylling i underekstremitet,,True
243009001,skade forårsaket av luftgeværkule,,True
767032001,medfødt høyresidig makrostomi,,True
40632002,Charcot-Marie-Tooths sykdom type 1A,,True
348381000119107,akutt endoftalmitt i høyre øye,,True
124693006,mangel på lysin-tRNA-ligase,,True
196518003,submandibulær sialektase,,True
302017001,sårt øye,,True
21237001,postmenopausal atrofi i urethra,,True
2816000,dilatert kardiomyopati som skyldes dystrofia myotonika,,True
92875000,medfødt unormal sammenvoksing av costabrusk,,True
253669006,ductus arteriosus fra arteria subclavia,,True
773986009,NEVADA-syndrom,,True
91856007,akutt lymfatisk leukemi i remisjon,,True
723407009,muskeldystrofi av Selcentype,,True
300300007,ventrikkelaspirat som inneholder blod,,True
109939003,primær malign tumor i perifere nerver i hofte,,True
363457009,malign tumor i nyrebekken,,True
276672007,medfødt candidiasis,,True
49284006,megaloblastanemi av juvenil type,,True
94495003,metastase i postkrikoidalt område,,True
62943008,forgiftning forårsaket av Lantana-arten,,True
164937009,EKG: unormal U-bølge,,True
414489005,infantilt nystagmussyndrom,,True
12901004,forbigående elektrolyttforstyrrelse hos nyfødt,,True
64638002,skade på vena hepatica,,True
212357003,skade på nerver og ryggmarg i thorax,,True
95176005,tumor med usikkert eller ukjent malignitetspotensial i prolabium på underleppe,,True
1225231000202108,kontakt med helsetjenesten for ettersyn av kunstig skjede,,True
18621000202100,irritativ kontaktdermatitt forårsaket av klorert hydrokarbon,,True
448401007,koriokarsinom i placenta,,True
209721002,åpen laserasjon av bakre sakroiliakaligament,,True
1215261000202106,mikrometastase med annen spesifisert lokalisasjon,,True
230467008,status migrainosus,,True
413837004,legemiddelutløst kronisk follikulær konjunktivitt,,True
123800009,Goldblatt-hypertensjon,,True
105881000119106,fortykning av linsekapsel,,True
1219831000202103,"uspesifisert sykdom i fascier eller annet fibrøst vev, i ankel eller fot",,True
41996009,repetitiv vridning av hendene,,True
237713000,oppfylling i hypothalamus,,True
59307008,syfilitisk alopesi,,True
254403009,carcinoma in situ i nedre leppebånd,,True
827058003,asymmetriske knereflekser,,True
719839000,syndrom med renal tubulær sykdom og kardiomyopati,,True
735200002,fravær av underekstremitet som skyldes diabetes mellitus,,True
426814001,transitorisk iskemisk anfall som skyldes atrieflimmer,,True
126571009,tumor i kort knokkel i overekstremitet,,True
338021000119106,retinopati hos premature i venstre øye,,True
283355005,laserasjon i munnhule,,True
397011009,mastcellemalignitet i lymfeknuter,,True
93217003,malignt melanom i hud på kinn,,True
266254007,okklusjon av carotis,,True
47709007,humoral hyperkalsemi ved malignitet,,True
10629871000119108,cellulitt på venstre hofte,,True
284258001,kan ikke gripe,,True
7431000175109,refraktær hypotensjon,,True
195239002,sekvele etter cerebrovaskulær sykdom,,True
26587008,manglende seksuell utvikling,,True
389169005,brakydaktylisyndrom type C,,True
208803002,lukket traumatisk subluksasjon av albue,,True
110013004,overlappende malign tumor i tonsill,,True
713032002,disseksjon av arterie i underekstremitet,,True
722983008,hodepine som skyldes skade på hode og nakke,,True
19260001000004109,overgrepsrådgivning gitt til ikke-fornærmende forelder,,True
870285004,Pelizaeus-Merzbachers-lignende sykdom som skyldes SLC16A2-mutasjon,,True
787177005,inflammatorisk sykdom i synsbane,,True
442099003,psykogen fatigue,,True
724449008,frykt for sykdom i mammae,,True
92373002,benign tumor i hud på perineum,,True
838336002,"46,XY-forstyrrelse i kjønnsutvikling som skyldes mors inntak av progestogen",,True
427908002,restriktiv lungesykdom som skyldes kyfoskoliose,,True
253138008,semilobær holoprosencefali,,True
64458007,kontusjon av leppe,,True
419046003,negativ dysfotopsi,,True
240355008,gastroenteritt forårsaket av enteroinvasiv E. coli,,True
716515000,1q41q42 mikrodelesjon,,True
1010238005,mekanisk hørselstap på venstre øre,,True
51891008,polyartropati assosiert med annen sykdom,,True
414653009,mastcelletumor,,True
698403003,neonatal effekt av antiinfeksiøst middel overført via morsmelk,,True
37655003,sekvele etter fraktur i kranium og/eller ansiktsbein,,True
202690000,torakal spondylose på to nivåer med radikulopati,,True
16674691000119100,åpen fraktur i høyre orbitagulv,,True
293610009,allergi mot ikke-steroid antiinflammatorisk legemiddel,,True
197763008,kronisk pyonefrose,,True
8188000,forgiftning forårsaket av Papaver-art,,True
721107007,henvisning til spesialist avslått,,True
111026008,mesotelial hyperplasi i pleura,,True
765328000,klassisk mycosis fungoides,,True
403549004,aplasia cutis congenita type 5,,True
314955001,lokalt residiv av malign tumor i mamma,,True
724735003,opposisjonell atferdsforstyrrelse uten kronisk irritabilitet og sinne,,True
713245008,gingivitt forårsaket av dentalt plakk,,True
90448008,ossifikasjon av ligamentum longitudinale posterius,,True
236531005,nyredysplasi og retinal aplasi,,True
5708009,åpen fraktur i arcus zygomaticus,,True
117251000202101,idiopatisk aseptisk osteonekrose i radius og/eller ulna,,True
449730005,autoimmunt polyendokrint syndrom type 4,,True
233839009,gammelt fremreveggsinfarkt,,True
59753003,total sirkumpapillær dystrofi i choroidea,,True
236738001,uterusperforasjon med intrauterint prevensjonsmiddel,,True
284625000,slår annen person med gjenstand,,True
160331005,bipolar lidelse i familien,,True
415238003,REM-søvn atferdsforstyrrelse,,True
86375009,infeksjon forårsaket av Corynebacterium kutscheri,,True
9312005,nekrotiserende rhinitt,,True
1073151000119107,artritt i venstre hofte forårsaket av streptokokker,,True
702339001,spondyloperifer dysplasi,,True
400957009,epicanthus palpebralis,,True
762457009,astroblastom i hjerne,,True
298211003,slapphet i metakarpofalangealledd,,True
43548008,ovulasjonssmerter,,True
698036008,oral motorisk ataksi,,True
449123008,eksentrisk åpning av trikuspidal aortaklaff,,True
30128009,Tietzes syndrom,,True
277120008,interhemisfærisk krysset amplitudeasymmetri,,True
8530001000004108,lukket Malgaigne-fraktur,,True
262729009,partiell laserasjon av cervikal nerverot,,True
276647007,perinatal intrakraniell blødning,,True
773733000,humeroradioulnar synostose,,True
283080000,skramme på albue,,True
173599005,akutt nekrotiserende ulcererende gingivostomatitt,,True
1052234002,innsnevring av synsfelt i høyre øye,,True
726192008,seneskade i intrinsisk muskel i tommel,,True
238901000,insulinindusert lipoatrofi,,True
39501002,posttraumatisk arr på choroidea,,True
713197008,residiverende rektal polypp,,True
1225031000202102,kontakt med helsetjenesten for hårtransplantasjon,,True
719949001,syndrom med trigonokefali og bred tommel,,True
371084005,partielt tannløs underkjeve,,True
204922001,cyste i appendix testis,,True
402146009,loppedermatose,,True
233985008,abdominalt aortaaneurisme,,True
111727008,sekvele etter overfladisk skade,,True
429417002,penetrerende sår i bløtvev,,True
10972981000119108,skade på digitalnerve i venstre hånd,,True
89378007,medfødt dislokasjon av magesekk,,True
372106005,karsinom i penis,,True
15971009,skade på vena tibialis anterior,,True
1228731000202108,status etter transplantert nyre,,True
422474003,delvis fravær av septum pellucidum,,True
416680000,accessoriske bevegelser,,True
721878003,mikroftalmi med hjerne- og fingeranomali,,True
24273009,ankylose i hofteledd,,True
722982003,hyppig episodisk tensjonshodepine,,True
1003378007,hypoplasi av nervus opticus som skyldes endokrinmangel,,True
64251000119106,glykogenlagringssykdom i familien,,True
274665008,kroniske intraktable smerter,,True
209349006,lukket luksasjonsfraktur i ankelledd,,True
763837007,orofaciodigitalt syndrom type 14,,True
733271001,punksjonssår i lår med fremmedlegeme,,True
39837002,alternerende esotropi,,True
49388007,forstuing i fot,,True
187027001,akutt pulmonal koksidioidomykose,,True
298200006,hypermobilitet i subtalarledd,,True
93318005,medfødt malposisjon av ductus arteriosus,,True
678201000119103,irisrubeose i venstre øye,,True
11055151000119108,seropositiv revmatoid artritt i flere ledd,,True
717780007,monoklonal B-celle-lymfocytose,,True
449625000,førstegradsforbrenning flere steder på overarm,,True
9750001,ulcus på scrotum,,True
254242006,diffust nevrofibrom,,True
110285005,legemiddelutløst ulcerasjon,,True
208878007,lukket traumatisk subluksasjon av metakarpofalangealledd,,True
132291000119106,akutt dyp venetrombose i vena femoralis,,True
89238002,ekte proteinuri,,True
1228311000202102,ervervet fravær av fot eller ankel,,True
73790007,truende spontanabort i første trimester,,True
289823008,misfarging av cervix uteri,,True
31076000,medfødt iskemisk atrofi av sentralnervesystem,,True
427836008,anamnese på mediaotitt,,True
94796001,tumor med usikkert eller ukjent malignitetspotensial i corpus ciliare,,True
770410004,distal monosomi 14q syndrom,,True
198302001,ervervet atrofi av eggleder,,True
94082003,primær malign tumor i cauda pancreatis,,True
1234961002,sykdom hos nyfødt som skyldes navlesnoromslyng,,True
721570000,benign gastrointestinal stromal tumor,,True
12108021000119109,kjemisk brannskade i gastrointestinaltraktus,,True
93360009,medfødt malposisjon av torakalvirvel,,True
295068008,allergi mot ergonovin,,True
425892007,syndrom med svikt av barorefleks,,True
609641005,kompresjonnevropati av nervus ilioinguinalis,,True
288518007,brannskade som omfatter 2 % av kroppsoverflaten,,True
95551002,fibrose i bekkenhule,,True
235906009,konjugert hyperbilirubinemi type 3,,True
398768004,Queyrats erytroplasi,,True
35240004,jernmangel,,True
243029000,skade forårsaket av eksplosjon av mortergranat,,True
708343006,popping i kjeveledd ved åpning,,True
719208005,spinocerebellar ataksi type 12,,True
44395000,spastisk tetraplegi med stivhetssyndrom,,True
10050004,kontusjon av brystkasse,,True
710032001,morfologi med gjenværende alveolarkam i overkjeve og fravær av fremre vestibulum oris,,True
89318001,medfødt prolaps av uterus,,True
111273006,akutt respiratorisk sykdom,,True
343161000119109,uveittglaukom i begge øyne,,True
1155772001,intoksikasjon forårsaket av sentralstimulerende middel,,True
124139007,mangel på mannitoldehydrogenase,,True
439157002,arvelig kombinert koagulasjonsfaktormangel,,True
236514003,toksisk nefropati,,True
126956001,tumor i parietallapp,,True
735509000,dyp andregradsforbrenning på hånd,,True
700338003,xantom på nedre øyelokk,,True
41720003,purulent endoftalmitt,,True
108281000119102,anamnese på medfødt hypospadi,,True
439461004,hematom i hodebunn,,True
253529002,abnormitet i utløp fra høyre ventrikkel,,True
86092005,cystisk fibrose med mekoniumileus,,True
82108004,ernæringsbetinget optikusnevropati,,True
10666031000119100,iskemisk ulcus på legg som skyldes aterosklerotisk sykdom,,True
370506009,keratouveitt,,True
45677003,utviklingsmessig ekspressiv skriveforstyrrelse,,True
2043009,alkoholisk gastritt,,True
73853003,toksisk effekt av kaliumhydroksid,,True
65323003,polymyalgia rheumatica,,True
718632004,selvtilhelende kollodiumbaby,,True
11313641000119107,åpen fraktur i os occipitale,,True
348811000119108,afakisk glaukom på venstre øye,,True
737613000,aksidentell awareness under generell anestesi under induksjon eller intubering,,True
192097003,isolert eksplosiv forstyrrelse,,True
205063003,medfødt genu recurvatum,,True
165312001,svært avvikende atferd,,True
416995001,hypocellulær beinmarg,,True
674601000119105,tidligere utført revisjon av total artroplastikk i høyre kne,,True
95340003,infeksjon i negleseng,,True
271763005,åpen komedon,,True
208637008,åpen distal tibiafraktur,,True
93737003,primær malign tumor i calcaneus,,True
72930009,overfladisk migrerende tromboflebitt,,True
448530003,partiell obstruksjon av kardial conduit,,True
210942009,sekvele etter skade på nervesystem,,True
342511000119108,ødem i venstre øyelokk,,True
294436003,allergi mot surfaktant som inneholder kvaternær ammonium,,True
293784001,allergi mot krisantaspase,,True
95028006,tumor med usikkert eller ukjent malignitetspotensial i retrocøkalt vev,,True
11986871000119103,førstegradsforbrenning på venstre overarm,,True
10227000,herpesvirusinfeksjon i penis,,True
737180005,kronisk bronkiolitt,,True
442549008,periodisk respirasjon forårsaket av opphold i stor høyde,,True
890101007,atresi av ileum type II,,True
63475008,periostitt i hånd,,True
21801002,menopausalt symptom,,True
253147000,lissencefali type 1,,True
29749002,lukket skapulafraktur,,True
724590008,benign osteogen tumor i leddbrusk i clavicula,,True
277902000,seigt ekspektorat,,True
95799000,laserasjon i sclera,,True
61599003,flebitt,,True
57092006,fleksuralt eksem,,True
109550008,medfødte kommissurale fordypninger,,True
846636003,kronisk respiratorisk sykdom forårsaket av kjemisk røyk,,True
1285673007,forstrekking av underarmsmuskel,,True
876810002,overfladisk fremmedlegeme på rygg med infeksjon,,True
92876004,medfødt unormal sammenvoksing av os temporale pars squamosa,,True
24630008,meningoencefalitt forårsaket av Listeria,,True
102458000,shaken-baby-syndrom,,True
161892003,utstrålende ryggsmerter,,True
111825008,tuberkulose i conjunctiva,,True
404040002,malign Triton-tumor,,True
407451003,herpes simplex type 1-infeksjon,,True
418413009,fistel i tåresekk,,True
333251000119101,perifert korioretinalt arr i høyre øye,,True
111287006,trikuspidalinsuffisiens,,True
191389000,idiopatisk methemoglobinemi,,True
85057007,levercyste,,True
12203791000119102,andregradsforbrenning på høyre håndrygg,,True
237879001,"forstyrrelse i fosfat-, kalsium- og vitamin D-metabolismen",,True
86266009,total intern oftalmoplegi,,True
765146000,okulokutan albinisme type 1,,True
897547005,distal duplikasjon av kromosom 14,,True
299851002,abdominalrefleks kun til stede ved forsterkning,,True
216222001,skade fra frivillig fallskjermhopp uten skade på luftfartøyet,,True
211332006,skrubbsår på kne,,True
406563003,borreliainfeksjon i sentralnervesystem,,True
1227911000202102,"opplysning om ondartet svulst i luftrør, bronkie eller lunge i egen sykehistorie",,True
16358007,kronisk sykdom i ganetonsill og/eller adenoid,,True
301179007,vanskelig venøs tilgang,,True
7895008,legemiddel- og/eller rusmiddelforgiftning,,True
321311000119108,spondylose i cervikotorakal columna,,True
281432004,infeksjon i muskeltransplantat,,True
721585006,seksuelt overførbar infeksjon forårsaket av herpes simplex-virus,,True
82479641000119102,trykksår på dyptliggende vev i hode,,True
207705002,åpen skalletakfraktur med intrakranial skade,,True
92764008,carcinoma in situ i testikkel,,True
722574007,skade på sentralnervesystem forårsaket av fødselstraume,,True
1254960008,anfall samtidig med og som skyldes abstinenstilstand,,True
1089261000119105,objektiv pulserende tinnitus i venstre øre,,True
288514009,brannskade som omfatter 5 % av kroppsoverflaten,,True
254112001,osteoporose med pseudogliom,,True
721010003,hjerte-hånd-syndrom type 2,,True
126833009,tumor i duodenum,,True
838451005,mild mitralklaffinsuffisiens,,True
11773651000119104,infisert sår på venstre albue som skyldes ikke-giftig insektbitt,,True
127206008,lymfadenopati i fossa poplitea,,True
124230004,mangel på oksygenase,,True
14948001,akutt suppurativ mediaotitt uten spontan trommehinneruptur,,True
9360008,hyperammonemi,,True
123921008,forgiftning forårsaket av art i Zygophyllaceae-familien,,True
40354009,Cornelia de Langes syndrom,,True
755004,fytobezoar etter gastrektomi,,True
61704003,posteruptiv misfarging av tann som skyldes tetrasyklin,,True
85225000,cyste i bihule,,True
89507002,toksisk effekt av denaturert alkohol,,True
15973621000119101,medfødt deformitet i venstre underekstremitet,,True
236639003,overfølsom urinblære,,True
234343008,normocytær anemi som skyldes aplasi,,True
203157008,akutt osteomyelitt i cervikalkolumna,,True
237560005,generalisert thyreoideahormonresistens,,True
473030001,komplikasjon assosiert med saltvannsbrystimplantat,,True
282093000,allergisk reaksjon på dyregift,,True
168472007,unormalt funn ved utstryk fra vaginaltopp,,True
713897006,Burkitts lymfom sammen med hiv-infeksjon,,True
266888008,anemi i familien,,True
231538003,atferdsforstyrrelser og emosjonelle forstyrrelser med debut i barndom,,True
271488001,inflammatorisk sykdom i bekken forårsaket av mykoplasma,,True
429098002,venøs tromboembolisme,,True
289526008,hevelse i vaginalvegg,,True
424408000,keratoakantom i øyelokk,,True
340161000119104,stabil keratokonus i venstre øye,,True
288001000119103,familiemedlem fraværende som skyldes militærtjeneste,,True
258117004,idiopatisk hyperaldosteronisme,,True
897595001,medfødt anorektal fistel som skyldes lav anorektal misdannelse,,True
1003377002,medial duplikasjon av kort arm på kromosom 1,,True
94840001,tumor med usikkert eller ukjent malignitetspotensial i os cuneiforme mediale i fot,,True
93748005,primær malign tumor i hjerneventrikkel,,True
1279872002,sentromedullært syndrom som skyldes lukket dislokasjon av lumbalvirvel,,True
249099004,enkelt kneleie,,True
55827005,venstre ventrikkelhypertrofi,,True
247838000,frykt for sosiale gruppeaktiviteter,,True
403480006,vulval aftose,,True
1264381004,laserasjon i sene i legg,,True
554003,partiell trisomi 2p-syndrom,,True
700046006,kariøs pulpaeksponering,,True
704219002,åpen fraktur i tredje metakarp,,True
838383000,chorea forårsaket av toksin,,True
202382005,effusjon i tibiofibularledd,,True
838535004,mild triskupidalstenose,,True
726330007,laserasjon av sene i intrinsisk muskel i fot,,True
94081005,primær malign tumor i svettekjertel,,True
404082003,myksom,,True
1003509004,agenesi av fot,,True
1731000119106,atypisk mykobakteriell infeksjon i lunge,,True
293606006,allergi mot petidin,,True
102361000119104,kronisk pneumoni,,True
19228003,mislykket abortforsøk med perforasjon av urinblære,,True
237529005,akutt viral tyreoiditt,,True
336591000119104,akutt konjunktivitt i høyre øye forårsaket av kjemikalie,,True
736992003,nefropati etter preeklampsi,,True
289725009,hypertoniske kontraksjoner,,True
10628551000119108,irritativ kontaktdermatitt forårsaket av gummi,,True
10631991000119104,abscess i pulpa i finger på venstre hånd,,True
188934003,benign tumor i cartilago costalis,,True
32361000119104,medfødt hemangiom,,True
1003488007,mistenkt vinkelblokkglaukom,,True
109461003,mikrodonti i én tann,,True
81813004,lukket medial luksasjon av albue,,True
312655004,bittsår i munn,,True
94618007,metastase i cauda pancreatis,,True
17438000,karbunkel i thoraxvegg,,True
713965007,sklerose i vena portae og vena lienalis forårsaket av antiretroviralt legemiddel,,True
43635001,førstegradsforbrenning i skapularegion,,True
433237003,kolestase hos nyfødt,,True
418472007,pulssynkron nystagmus,,True
15991071000119102,intermediær uveitt i venstre øye,,True
238865006,fibromatosis colli,,True
32941000119104,inntak av toksisk substans,,True
126953009,tumor i cerebrum,,True
165247006,kan ikke gå i trapper,,True
6954003,åpen humeruskondylfraktur,,True
370567003,støyfobi,,True
5601000119107,leukoplaki på munnslimhinne og tunge,,True
239067007,keratoderma palmoplantaris transgrediens,,True
13601000119109,nekrose i sentralnervesystemet forårsaket av eksponering for ioniserende stråling,,True
202233007,karpal instabilitet med DISI-deformitet,,True
253547008,atresi i utløp fra venstre ventrikkel,,True
398304003,frykt for å reise i kjøretøy,,True
94607007,metastase i subglottis,,True
162043005,sultsmerter,,True
248411002,Addison-pigmentering av håndflater,,True
51920004,styrtfødsel,,True
427380004,vanishing bile duct syndrome,,True
192647003,sekundær syfilitisk meningitt,,True
770562000,maternell uniparental disomi av kromosom 1,,True
4399003,akutt hemoragisk pankreatitt,,True
735809009,laserasjon i annen finger enn tommel uten fremmedlegeme,,True
11838861000119108,forstrekking av intrinsisk muskel i venstre tommel,,True
890402009,medfødt unormal truncusklaff,,True
165022002,restriktiv lungefunksjon,,True
237671001,hypersekresjon av gonadotropin,,True
714876004,vansker med å forbli sittende på huk,,True
230255008,motornevronsykdom av Madras-type,,True
396348002,akutt eksem,,True
445964006,monomorf lymfoproliferativ sykdom etter transplantasjon,,True
203195003,kronisk osteomyelitt i lumbalkolumna,,True
247390002,parese av nervus ischiadicus,,True
16065611000119106,gangren i høyre underekstremitet som skyldes aterosklerose i autologt bypassgraft,,True
44173007,forgiftning forårsaket av løytnantshjerte,,True
1264082000,sykdom hos nyfødt forårsaket av mor utsatt for kjemikalier i miljøet via brystmelk,,True
10823371000119105,åpen fraktur i midtfalang i venstre langfinger,,True
398206004,medfødt deformitet i ansikt,,True
93652001,malignt melanom i hud i navle,,True
784346006,Navaho-nevropati,,True
767680002,gangren sammen med og som skyldes residiverende høyresidig lyskebrokk,,True
85881000119100,anamnese på primitiv nevroektodermal tumor utenfor sentralnervesystem,,True
253356004,medfødt fravær av aurikkel i hjertet,,True
130651000119102,influensavaksinasjon avvist av omsorgsgiver,,True
717459000,medfødt primær megaureter,,True
27438001,puss i vagina,,True
10759151000119101,virushepatitt hos mor som kompliserer svangerskap,,True
97331000119101,makulaødem og retinopati som skyldes diabetes type 2,,True
719398004,"syndrom med malign hypertermi, atrogrypose og torticollis",,True
118616009,neoplastisk sykdom med usikkert eller ukjent malignitetspotensial,,True
409555000,aseptisk meningitt ved Q-feber,,True
208686005,lukket fraktur i corpus tali,,True
26224003,mislykket abortforsøk komplisert av infeksjon i genitalia og bekken,,True
55342001,neoplastisk sykdom,,True
111528000,alternerende esotropi med A-mønster,,True
386616007,overfladisk respirasjon,,True
681141000119105,papillom i conjunctiva i høyre øye,,True
399164003,acidotisk hyperventilering,,True
713459004,familie i sorg,,True
705096009,invertert dyp symmetrisk anterior T-bølge,,True
126959008,tumor i hjernehinner,,True
23851004,subkutant emfysem som skyldes prosedyre,,True
120481000119109,anamnese på myelomatose,,True
202383000,effusjon i ankelledd,,True
188648000,leukemisk retikuloendoteliose i lymfeknuter i aksille og overekstremitet,,True
446262006,trykksår ervervet på sykehjem,,True
89105000,xerosis cutis,,True
432726005,familiær hirsutisme,,True
230388003,oksipital barneepilepsi med visuelle anfall,,True
724069009,Patterson-Stevenson-Fontaines syndrom,,True
19258009,placenta extrachorales,,True
258116008,tale i form av babling,,True
386818006,dyssosial atferd hos barn eller ungdom,,True
403536009,fregner,,True
1332425004,disseminert langerhanscellehistiocytose i lymfeknuter i hode,,True
127266006,tumor i tibiale lymfeknuter,,True
715428003,syndrom med skjelettdysplasi med epilepsi og kortvoksthet,,True
890414001,medfødt kryptoftalmi i begge øyelokk,,True
707353009,primært plateepitelkarsinom i sinus,,True
74699008,fremmedlegeme i nese,,True
428360003,artropati i ledd i hånd,,True
110138006,avulsjon av tonsill,,True
186698009,cytomegalovirushepatitt,,True
109844006,angiosarkom i lever,,True
297155002,trombose i arteria femoralis superficialis,,True
897564008,distal delesjon av lang arm på kromosom 12,,True
414943006,åpen fraktur i tibia og fibula,,True
211511002,kontusjon på dorsalside av håndledd,,True
193209005,myastent syndrom som skyldes annen sykdom,,True
277178004,mobil trommehinne,,True
1149330000,kronisk kullosforgiftning,,True
722004001,agenesi av arteria carotis interna,,True
722590007,hudskjørhet ved prematuritet,,True
208947009,åpen traumatisk posterior luksasjon av kneledd,,True
438933007,hyperdynamisk sirkulasjon,,True
20427003,posttrombotisk syndrom,,True
787947000,utilsiktet inntak av toksisk stoff,,True
343751000119106,"bilateral retinopati hos premature, grad 3, brem med ekstraretinal fibrovaskulær proliferasjon",,True
733228005,traumatisk amputasjon ved høyre skulderledd,,True
274183004,overfladisk skade på bukvegg,,True
167571004,Proteus-art i urinkultur,,True
1010230003,nevrogent hørselstap på høyre øre,,True
42984000,nattesvette,,True
94738003,tumor med usikkert eller ukjent malignitetspotensial i anteriore to tredjedeler av tunge,,True
302824004,gastrinom,,True
771483000,infeksjon forårsaket av Sporozoa,,True
210849001,lukket skade på digital arterie,,True
2403008,avhengighet av psykoaktiv substans,,True
284568005,fremmedlegeme av metall i hodebunn,,True
432745001,anamnese på nevroblastom,,True
105509007,under tilsyn av kriminalomsorg,,True
773283006,malign germinalcelletumor i cervix uteri,,True
1220421000202102,annen spesifisert osteokondropati i legg,,True
201048007,lokalisert sklerodermi,,True
266569009,benign prostatahyperplasi,,True
137291000202104,histologisk bekreftet tuberkulose i intratorakal lymfeknute,,True
126895004,tumor i mannlige genitalia,,True
93150008,hårcelleleukemi i lymfeknuter på flere steder,,True
238119005,fosfatmangel,,True
704662005,etterlever ikke treningsopplegg,,True
460587000,unormal avgang av enkeltstående koronararterie fra koronararteries aortasinus,,True
788454002,bilateral stenose i arteriae vertebrales,,True
4242009,partiell monosomi 18q-syndrom,,True
83284001,Clarks nivå 1,,True
9269007,førstagradsforbrenning på øre,,True
724838009,arvelig syndrom med skjellende hud,,True
403421008,neonatal pannikulitt forårsaket av kulde,,True
1003431005,mandibuloakral dysplasi med lipodystrofi type A,,True
110483000,bruker tobakk,,True
203025009,abscess i muskel i hånd,,True
16904009,ufullstendig medfødt fravær av lår og legg,,True
1098651000202106,genital lichen sclerosus hos kvinne,,True
240041006,knute ved revmatisk feber,,True
161504004,anamnese på angina pectoris,,True
89933001,intestinal protozosykdom,,True
167977005,eksudat med pleuravæske,,True
240714007,familiær kronisk mukokutan candidiasis av dominant type,,True
186788009,Q-feber,,True
314967004,lokalt residiv av malign tumor i nyre,,True
188883003,benign tumor i plica aryepiglottica,,True
208156002,åpen fraktur i posterior labrum acetabulare,,True
271813007,petekkier,,True
433017009,smerter i symfysen under svangerskap,,True
277417007,osteom i ytre øregang,,True
131039002,unormal vanillinmandelsyre,,True
413654009,fødselsasfyksi,,True
448472004,medfødt abnormitet i truncus pulmonalis,,True
277825000,angst for å skjelve,,True
193501009,sykdom i blodkar i iris og corpus ciliare,,True
253717008,koronararterie løper mellom aorta og truncus pulmonalis,,True
294437007,allergi mot cetrimid,,True
823016000,makulær telangiektasi type 2,,True
93857009,primær malign tumor i commissura laryngis,,True
197155003,intersfinkterisk fistel,,True
254974009,malign tumor i synsnerveskjede,,True
64386003,skadelig bruksmønster for sedativum,,True
103014001,smerter i cervikal nerverot,,True
198920001,blødning i svangerskap med traume,,True
766049000,akutt sensorisk ataksisk nevropati,,True
268117002,fremmedlegeme etterlatt i hånd,,True
240855004,kutan strongyloidiasis,,True
29052002,høyre lunge med to lungelapper,,True
287047008,smerter i venstre underekstremitet,,True
211777005,overfladisk andregradsforbrenning på nates,,True
237241002,viabelt svangerskap,,True
2836004,forgiftning forårsaket av butan,,True
1226541000202107,problem i forbindelse med hendelser som medfører tap av selvrespekt i barnealder,,True
408646000,adenokarsinom i lever,,True
890430009,fullstendig agenesi av vermis cerebelli,,True
733095006,syndrom med skjelettdysplasi og brakydaktyli,,True
449890002,funksjonelt abdominalt smertesyndrom,,True
447231001,epidermoidcyste i hud på hals,,True
707481002,primært basaloid plateepitelkarsinom i hypopharynx,,True
299249009,manglende bevegelsesutslag ved passiv fleksjon av hofteledd,,True
254850005,serøst papillært cystadenokarsinom i ovarium,,True
203193005,kronisk osteomyelitt i cervikalkolumna,,True
197213004,komplett rektalprolaps,,True
724905004,skade på muskel i skulder,,True
273965001,dermatose forårsaket av fremmedlegeme,,True
27355003,tannpine,,True
57676002,leddsmerter,,True
239152005,medfødt fravær av hud på hodebunn,,True
427778008,insuffisiens av neseklaff,,True
403780007,"autosomalt recessivt syndrom med keratitt, iktyose og døvhet",,True
713455005,infeksjon forårsaket av mitisgruppe-streptokokker,,True
237920001,temperatursensitiv okulokutan albinisme,,True
229845003,medfødt varus i forfot,,True
700343005,eksematøs dermatitt på øvre øyelokk,,True
449040002,hypoplasi i høyre atrioventrikulærklaffs anulus fibrosus i hjerteventrikkel med dobbelt innløp,,True
395132000,ekstravasjon av kylus,,True
77259008,forlenget andre fase av fødselsarbeid,,True
700237005,supraerupsjon av tann,,True
166689004,serumkalium over referanseområde,,True
95034004,tumor med usikkert eller ukjent malignitetspotensial i ligamentum teres uteri,,True
243462001,mukopurulent konjunktivitt,,True
188675007,malignt lymfom med små delte celler,,True
235045002,eksogen pigmentering av munnslimhinne,,True
231913002,blodpigmentering i cornea,,True
127271000202101,idiopatisk osteoporotisk femurfraktur,,True
210733008,deglovingskade på flere tær,,True
402490007,kalsinose etter lokalisert fettnekrose,,True
248074005,svelger gjenstander,,True
427883005,postoperativ peritonitt,,True
94272005,metastase i diafragma,,True
21560005,lepromatøs lepra,,True
128466006,primær malign tumor i leddbrusk,,True
239953001,bløtvevslesjon,,True
410802003,"juvenil idiopatisk artritt, udifferensiert",,True
11843711000119106,skrubbsår på høyre øre,,True
719578005,16p13.11 mikroduplikasjon,,True
461419002,ervervet okklusjon av vena femoralis,,True
299837002,redusert brachioradialisrefleks,,True
93634001,manglende ossifikasjon av pars lateralis av os occipitale,,True
283699008,menneskebitt i skulder,,True
82732003,familiær hypokalemisk periodisk paralyse,,True
714829008,moderat alkoholavhengighet,,True
66751000,Niemann-Picks sykdom type C,,True
81391000119106,Charcots ledd som skyldes syringomyeli,,True
1075491000119108,femoroacetabulært impingement i høyre hofteledd,,True
21111006,trisomi 13,,True
721196005,pemfigus i vulva,,True
7204006,okklusjon av cervix uteri,,True
170137004,unormalt funn ved 18-månedersundersøkelse - til observasjon,,True
716481002,vansker med å forstå instruksjoner som består av tre ord,,True
59351000119107,tidligere utført reparasjon av øyelokk,,True
767185006,ganglion i hofte,,True
449817000,Peters pluss-syndrom,,True
15842009,trombose i vena renalis,,True
297193007,ganglion i hånd,,True
11311961000119104,åpen fraktur i tredje lumbalvirvel,,True
11865081000119107,skade på venstre underekstremitet,,True
19532005,atonisk muskeltonus,,True
715950008,ALK-positivt storcellet B-cellelymfom,,True
87815001,akutt lymfangitt i perineum,,True
396779001,forkalkning av arterie i mamma,,True
703295003,bestående medfødt hemangiom,,True
85430004,Krukenbergs spindel,,True
210611002,traumatisk amputasjon av tommel,,True
236468006,Fanconis syndrom hos voksen,,True
14180000,skade på miltvene,,True
187151009,diphyllobothriasis,,True
267204006,infeksjon i urogenitalsystem under svangerskap,,True
608844008,anamnese på inflammatorisk tarmsykdom,,True
92305008,benign tumor i posterior vegg i urinblære,,True
41878001,symbrakydaktyli,,True
262710003,transeksjon av ryggmarg,,True
9489006,faktor X inhibitor sykdom,,True
472976009,atferdsmønster type B,,True
123588006,konfluerende bronkopneumoni med abscessdannelse,,True
14448006,svelget fremmedlegeme,,True
24928009,forstrekking av infraspinatusmuskel og/eller -sene,,True
92351009,benign tumor i hud på kinn,,True
28926001,legemiddelutslett,,True
781191008,omfattende postoperativ sårcellulitt,,True
724772009,tremor som skyldes sykdom i sentralnervesystem,,True
335021000119100,svært stor rift i retina i høyre øye,,True
4941000175101,vansker med å følge instruksjonene,,True
50253007,sekundær paroksysmal kuldehemoglobinuri,,True
95171000,tumor med usikkert eller ukjent malignitetspotensial i nervus vagus,,True
95605009,HELLP-syndrom,,True
737243006,purpura i hud samtidig med og som skyldes vaskulær skjørhet,,True
288860000,kan ikke drikke fra en tutekopp,,True
192073007,endring i personlighet,,True
402647004,sykdom i ekkrine svettekjertler,,True
276280009,subaraknoidalblødning fra aneurisme i arteria cerebri media,,True
253781004,MMIH-syndrom,,True
721764008,infeksjon forårsaket av humant poliovirus,,True
780819002,medfødt cyste i aurikkel,,True
414952002,oral hårlignende leukoplaki,,True
879875001,irritativ kontaktdermatitt forårsaket av urin,,True
85821003,akutt ikke-psykotisk hjernesyndrom,,True
62643005,brannskade i kolon,,True
680491000119103,bilateralt iridokornealt endotelsyndrom i øyne,,True
238806009,infantilt akutt hemoragisk ødem,,True
44779003,forstyrrelse i aminosyremetabolisme,,True
266463007,abscess i musculus iliopsoas,,True
212458009,skade på muskel og sene i underarm,,True
84946008,ekstrem utmattelse,,True
168414003,cervixutstryk med inflammatorisk forandring,,True
